placement,address_mpu,address_ak,gyroscope_full_scale,accelerometer_full_scale,magnetometer_full_scale,gyroscope_resolution,accelerometer_resolution,magnetometer_resolution,gyroscope_bias_x,gyroscope_bias_y,gyroscope_bias_z,accelerometer_bias_x,accelerometer_bias_y,accelerometer_bias_z,magnetometer_factory_sensitivity_x,magnetometer_factory_sensitivity_y,magnetometer_factory_sensitivity_z,magnetometer_soft_iron_distortion_x,magnetometer_soft_iron_distortion_y,magnetometer_soft_iron_distortion_z,magnetometer_hard_iron_distortion_x,magnetometer_hard_iron_distortion_y,magnetometer_hard_iron_distortion_z
dashboard,0x69,0xc,GFS_1000,AFS_8G,AK8963_BIT_16,0.030517578125,0.000244140625,0.1499389499389499,-0.0644683837890625,0.9191513061523436,0.640106201171875,-0.7445967163085937,0.20679916839599607,4.433582634277343,1.19140625,1.1953125,1.1484375,1.037037037037037,1.037037037037037,0.9333333333333332,-4.733912355006105,12.99373282967033,-53.725
above_suspension,0x68,0xc,GFS_1000,AFS_8G,AK8963_BIT_16,0.030517578125,0.000244140625,0.1499389499389499,1.509503620426829,-0.1291414586509146,1.1254287347560974,0.8922196869640806,-0.3786342332793439,0.016409040646436376,0.5,1.1875,1.1875,1.0864197530864197,1.3333333333333333,0.7521367521367521,-68.11093940781441,32.27201617826618,29.73476800976801
below_suspension,0x68,,GFS_1000,AFS_8G,AK8963_BIT_16,0.030517578125,0.000244140625,0.1499389499389499,0.9878249395461308,0.2446855817522321,-0.1202537899925595,0.6623387878417962,-0.36893507486979127,-0.44566353759765664,,,,,,,,,
