placement,address_mpu,address_ak,gyroscope_full_scale,accelerometer_full_scale,magnetometer_full_scale,gyroscope_resolution,accelerometer_resolution,magnetometer_resolution,gyroscope_bias_x,gyroscope_bias_y,gyroscope_bias_z,accelerometer_bias_x,accelerometer_bias_y,accelerometer_bias_z,magnetometer_factory_sensitivity_x,magnetometer_factory_sensitivity_y,magnetometer_factory_sensitivity_z,magnetometer_soft_iron_distortion_x,magnetometer_soft_iron_distortion_y,magnetometer_soft_iron_distortion_z,magnetometer_hard_iron_distortion_x,magnetometer_hard_iron_distortion_y,magnetometer_hard_iron_distortion_z
dashboard,0x69,0xc,GFS_1000,AFS_8G,AK8963_BIT_16,0.030517578125,0.000244140625,0.1499389499389499,0.8470535278320312,0.4079818725585937,0.7904052734374999,-1.1648389627075193,0.7536946826171875,2.8592154776000984,1.17578125,1.17578125,1.140625,0.9462365591397848,1.0864197530864197,0.9777777777777776,9.960690438034188,12.95771233974359,-48.91289682539682
above_suspension,0x68,0xc,GFS_1000,AFS_8G,AK8963_BIT_16,0.030517578125,0.000244140625,0.1499389499389499,0.2888004954268292,-0.3529990591653963,-0.4231522722942072,-1.2844015979301633,-0.33402032917301805,-0.42599271002048333,1.1875,1.1875,1.13671875,3.0357142857142856,0.4176904176904177,3.617021276595745,-37.747130647130646,36.23368437118437,37.070355425824175
below_suspension,0x68,,GFS_1000,AFS_8G,AK8963_BIT_16,0.030517578125,0.000244140625,0.1499389499389499,-1.0997493092606707,-0.1916652772484756,-0.7326079577934451,-1.9423982883360322,-0.7124209818025913,3.165660151188547,,,,,,,,,
