placement,address_mpu,address_ak,gyroscope_full_scale,accelerometer_full_scale,magnetometer_full_scale,gyroscope_resolution,accelerometer_resolution,magnetometer_resolution,gyroscope_bias_x,gyroscope_bias_y,gyroscope_bias_z,accelerometer_bias_x,accelerometer_bias_y,accelerometer_bias_z,magnetometer_factory_sensitivity_x,magnetometer_factory_sensitivity_y,magnetometer_factory_sensitivity_z,magnetometer_soft_iron_distortion_x,magnetometer_soft_iron_distortion_y,magnetometer_soft_iron_distortion_z,magnetometer_hard_iron_distortion_x,magnetometer_hard_iron_distortion_y,magnetometer_hard_iron_distortion_z
dashboard,0x69,0xc,GFS_1000,AFS_8G,AK8963_BIT_16,0.030517578125,0.000244140625,0.1499389499389499,-0.4352569580078124,0.9391784667968748,0.531768798828125,-1.6051925030517578,0.747589468383789,4.322850807495117,1.19140625,1.1953125,1.1484375,1.011904761904762,1.0493827160493827,0.9444444444444444,26.617092109279607,18.908121565934064,-50.797676282051285
above_suspension,0x68,0xc,GFS_1000,AFS_8G,AK8963_BIT_16,0.030517578125,0.000244140625,0.1499389499389499,1.4661463295541155,-0.2826597632431402,1.2735506383384148,1.0087180360375374,0.6843329086675868,-0.022306952053163395,1.1328125,1.1875,1.14453125,3.1604938271604937,2.6666666666666665,0.4331641285956006,-30.63235176282051,24.458791208791208,-59.97762992216117
below_suspension,0x68,,GFS_1000,AFS_8G,AK8963_BIT_16,0.030517578125,0.000244140625,0.1499389499389499,1.1781964983258928,0.3611246744791667,0.0352405366443452,-0.8431580179850253,0.7039522928873696,-0.4580335795084633,,,,,,,,,
