placement,address_mpu,address_ak,gyroscope_full_scale,accelerometer_full_scale,magnetometer_full_scale,gyroscope_resolution,accelerometer_resolution,magnetometer_resolution,gyroscope_bias_x,gyroscope_bias_y,gyroscope_bias_z,accelerometer_bias_x,accelerometer_bias_y,accelerometer_bias_z,magnetometer_factory_sensitivity_x,magnetometer_factory_sensitivity_y,magnetometer_factory_sensitivity_z,magnetometer_soft_iron_distortion_x,magnetometer_soft_iron_distortion_y,magnetometer_soft_iron_distortion_z,magnetometer_hard_iron_distortion_x,magnetometer_hard_iron_distortion_y,magnetometer_hard_iron_distortion_z
dashboard,0x69,0xc,GFS_1000,AFS_8G,AK8963_BIT_16,0.030517578125,0.000244140625,0.1499389499389499,0.9283670564977134,0.5154493378429879,0.8157869664634145,-2.0205310156845457,1.5809906279773245,2.72413432795827,1.17578125,1.17578125,1.140625,1.0,1.16,0.8787878787878788,36.05241052350427,20.00952857905983,-43.69666132478632
above_suspension,0x68,0xc,GFS_1000,AFS_8G,AK8963_BIT_16,0.030517578125,0.000244140625,0.1499389499389499,0.5576901319550305,-0.4532976848323171,-0.7413538490853658,-2.35034689316168,-0.41332095977038824,-0.5378778412609557,1.1875,1.1953125,1.13671875,1.1538461538461535,1.0227272727272727,0.8653846153846154,14.231607715201465,3.942925824175824,4.659821428571428
below_suspension,0x68,,GFS_1000,AFS_8G,AK8963_BIT_16,0.030517578125,0.000244140625,0.1499389499389499,-0.9034319621760672,-0.116115663109756,-0.6963218130716463,-1.2313203952696261,1.6522911213200264,3.0789433349609374,,,,,,,,,
