placement,address_mpu,address_ak,gyroscope_full_scale,accelerometer_full_scale,magnetometer_full_scale,gyroscope_resolution,accelerometer_resolution,magnetometer_resolution,gyroscope_bias_x,gyroscope_bias_y,gyroscope_bias_z,accelerometer_bias_x,accelerometer_bias_y,accelerometer_bias_z,magnetometer_factory_sensitivity_x,magnetometer_factory_sensitivity_y,magnetometer_factory_sensitivity_z,magnetometer_soft_iron_distortion_x,magnetometer_soft_iron_distortion_y,magnetometer_soft_iron_distortion_z,magnetometer_hard_iron_distortion_x,magnetometer_hard_iron_distortion_y,magnetometer_hard_iron_distortion_z
dashboard,0x69,0xc,GFS_1000,AFS_8G,AK8963_BIT_16,0.030517578125,0.000244140625,0.1499389499389499,-0.4415512084960937,0.9788513183593752,0.615692138671875,-1.051413659057617,0.39941269195556633,4.3226113873291006,1.19140625,1.1953125,1.1484375,1.1111111111111112,0.9195402298850576,0.9876543209876544,17.685182005494504,6.004000686813186,-51.916947115384616
above_suspension,0x68,0xc,GFS_1000,AFS_8G,AK8963_BIT_16,0.030517578125,0.000244140625,0.1499389499389499,1.5370438738567074,-0.1689631764481707,1.1447813452743902,0.40981725002381847,-0.150425938452743,0.07392827565262976,1.1328125,1.1875,1.14453125,1.736111111111111,1.1574074074074074,0.641025641025641,2.0382326007326004,3.057348901098901,27.543375114468866
below_suspension,0x68,,GFS_1000,AFS_8G,AK8963_BIT_16,0.030517578125,0.000244140625,0.1499389499389499,1.0621207101004464,0.3872825985863095,-0.1157124837239583,0.023656992594400527,-0.048511086018880156,-0.4177881896972656,,,,,,,,,
