placement,address_mpu,address_ak,gyroscope_full_scale,accelerometer_full_scale,magnetometer_full_scale,gyroscope_resolution,accelerometer_resolution,magnetometer_resolution,gyroscope_bias_x,gyroscope_bias_y,gyroscope_bias_z,accelerometer_bias_x,accelerometer_bias_y,accelerometer_bias_z,magnetometer_factory_sensitivity_x,magnetometer_factory_sensitivity_y,magnetometer_factory_sensitivity_z,magnetometer_soft_iron_distortion_x,magnetometer_soft_iron_distortion_y,magnetometer_soft_iron_distortion_z,magnetometer_hard_iron_distortion_x,magnetometer_hard_iron_distortion_y,magnetometer_hard_iron_distortion_z
dashboard,0x69,0xc,GFS_1000,AFS_8G,AK8963_BIT_16,0.030517578125,0.000244140625,0.1499389499389499,0.9713521817835366,0.4841874285442072,0.6892506669207317,-1.6730797991496755,1.0493026739353077,2.800281619783728,1.17578125,1.17578125,1.140625,0.9595959595959596,1.130952380952381,0.931372549019608,32.70279780982906,6.346634615384615,-45.83446275946276
above_suspension,0x68,0xc,GFS_1000,AFS_8G,AK8963_BIT_16,0.030517578125,0.000244140625,0.1499389499389499,0.604210830316311,-0.570715927496189,-0.7199543278391768,-1.8521193671994087,0.01564990353467923,-0.396035991687309,1.1875,1.1953125,1.1953125,0.4618473895582329,3.1944444444444446,1.9166666666666667,-9.714989697802196,2.150686813186813,37.99546703296703
below_suspension,0x68,,GFS_1000,AFS_8G,AK8963_BIT_16,0.030517578125,0.000244140625,0.1499389499389499,-1.0067079125381095,-0.1624502786775914,-0.7037651248094512,-2.41645021704697,-0.38488251566072723,3.032927946955983,,,,,,,,,
