placement,address_mpu,address_ak,gyroscope_full_scale,accelerometer_full_scale,magnetometer_full_scale,gyroscope_resolution,accelerometer_resolution,magnetometer_resolution,gyroscope_bias_x,gyroscope_bias_y,gyroscope_bias_z,accelerometer_bias_x,accelerometer_bias_y,accelerometer_bias_z,magnetometer_factory_sensitivity_x,magnetometer_factory_sensitivity_y,magnetometer_factory_sensitivity_z,magnetometer_soft_iron_distortion_x,magnetometer_soft_iron_distortion_y,magnetometer_soft_iron_distortion_z,magnetometer_hard_iron_distortion_x,magnetometer_hard_iron_distortion_y,magnetometer_hard_iron_distortion_z
dashboard,0x69,0xc,GFS_1000,AFS_8G,AK8963_BIT_16,0.030517578125,0.000244140625,0.1499389499389499,-0.4499481945503049,0.9259479801829268,0.6453351276676829,-1.6771090653582308,0.752888829375476,4.2546715355849845,1.19140625,1.1953125,1.1484375,0.5529715762273901,1.7833333333333332,1.585185185185185,17.595862904456652,17.92239010989011,-53.1223157051282
above_suspension,0x68,0xc,GFS_1000,AFS_8G,AK8963_BIT_16,0.030517578125,0.000244140625,0.1499389499389499,1.5547217392339938,-0.1317466177591463,1.2640604158727131,1.0160758265053353,0.6826978441191877,0.042686863745712726,1.1328125,1.1875,1.1875,0.768939393939394,2.0505050505050506,0.8252032520325204,-29.516887973137973,24.543717567155063,-36.89610996642247
below_suspension,0x68,,GFS_1000,AFS_8G,AK8963_BIT_16,0.030517578125,0.000244140625,0.1499389499389499,1.1805579775855657,0.400724865141369,0.0931876046316964,-0.8501696085611975,0.6855397420247392,-0.45512633463541624,,,,,,,,,
