placement,address_mpu,address_ak,gyroscope_full_scale,accelerometer_full_scale,magnetometer_full_scale,gyroscope_resolution,accelerometer_resolution,magnetometer_resolution,gyroscope_bias_x,gyroscope_bias_y,gyroscope_bias_z,accelerometer_bias_x,accelerometer_bias_y,accelerometer_bias_z,magnetometer_factory_sensitivity_x,magnetometer_factory_sensitivity_y,magnetometer_factory_sensitivity_z,magnetometer_soft_iron_distortion_x,magnetometer_soft_iron_distortion_y,magnetometer_soft_iron_distortion_z,magnetometer_hard_iron_distortion_x,magnetometer_hard_iron_distortion_y,magnetometer_hard_iron_distortion_z
dashboard,0x69,0xc,GFS_1000,AFS_8G,AK8963_BIT_16,0.030517578125,0.000244140625,0.1499389499389499,0.8144843869092987,0.5135885099085366,0.8498401176638719,-2.009669515470179,1.5287853527534292,2.6923089644269247,1.17578125,1.17578125,1.140625,1.0740740740740742,1.0357142857142858,0.90625,35.876115117521366,20.09767628205128,-44.63729395604396
above_suspension,0x68,0xc,GFS_1000,AFS_8G,AK8963_BIT_16,0.030517578125,0.000244140625,0.1499389499389499,0.5243813119283537,-0.4116151391006097,-0.78582763671875,-2.398055740877477,-0.4640663559332117,-0.54412612364234,1.1875,1.1875,1.13671875,0.9047619047619048,0.95,1.1875,3.739102564102564,3.561050061050061,14.337912087912088
below_suspension,0x68,,GFS_1000,AFS_8G,AK8963_BIT_16,0.030517578125,0.000244140625,0.1499389499389499,-0.9709800161966464,-0.1131383384146341,-0.7067424495045732,-1.2608099523032583,1.6490793873856706,3.0879361899771345,,,,,,,,,
