placement,address_mpu,address_ak,gyroscope_full_scale,accelerometer_full_scale,magnetometer_full_scale,gyroscope_resolution,accelerometer_resolution,magnetometer_resolution,gyroscope_bias_x,gyroscope_bias_y,gyroscope_bias_z,accelerometer_bias_x,accelerometer_bias_y,accelerometer_bias_z,magnetometer_factory_sensitivity_x,magnetometer_factory_sensitivity_y,magnetometer_factory_sensitivity_z,magnetometer_soft_iron_distortion_x,magnetometer_soft_iron_distortion_y,magnetometer_soft_iron_distortion_z,magnetometer_hard_iron_distortion_x,magnetometer_hard_iron_distortion_y,magnetometer_hard_iron_distortion_z
dashboard,0x69,0xc,GFS_1000,AFS_8G,AK8963_BIT_16,0.030517578125,0.000244140625,0.1499389499389499,0.921630859375,0.4344940185546875,0.7930755615234375,-1.7982250119018555,1.05590278717041,2.7749994342041013,1.17578125,1.17578125,1.140625,1.0493827160493827,0.9444444444444444,1.011904761904762,32.70279780982906,6.346634615384615,-46.00548687423687
above_suspension,0x68,0xc,GFS_1000,AFS_8G,AK8963_BIT_16,0.030517578125,0.000244140625,0.1499389499389499,0.4750693716653963,-0.5026096250952744,-0.6414273890053354,-1.991858990925114,0.017284968083078334,-0.4339928472751526,1.1875,1.1875,1.13671875,1.2215320910973084,0.5004240882103477,5.462962962962963,-9.62977048992674,34.98731684981685,35.79206730769231
below_suspension,0x68,,GFS_1000,AFS_8G,AK8963_BIT_16,0.030517578125,0.000244140625,0.1499389499389499,-0.9709312802269344,-0.186920166015625,-0.7000877743675595,-2.5194982137044266,-0.3586172058105467,3.005977189127603,,,,,,,,,
