placement,address_mpu,address_ak,gyroscope_full_scale,accelerometer_full_scale,magnetometer_full_scale,gyroscope_resolution,accelerometer_resolution,magnetometer_resolution,gyroscope_bias_x,gyroscope_bias_y,gyroscope_bias_z,accelerometer_bias_x,accelerometer_bias_y,accelerometer_bias_z,magnetometer_factory_sensitivity_x,magnetometer_factory_sensitivity_y,magnetometer_factory_sensitivity_z,magnetometer_soft_iron_distortion_x,magnetometer_soft_iron_distortion_y,magnetometer_soft_iron_distortion_z,magnetometer_hard_iron_distortion_x,magnetometer_hard_iron_distortion_y,magnetometer_hard_iron_distortion_z
dashboard,0x69,0xc,GFS_1000,AFS_8G,AK8963_BIT_16,0.030517578125,0.000244140625,0.1499389499389499,-0.335693359375,0.9828893149771344,0.6310067525724085,-1.3472347927186539,0.35480900700266715,4.308862246331936,1.19140625,1.1953125,1.1484375,0.9770114942528736,1.0493827160493827,0.9770114942528736,17.774501106532355,5.645552884615385,-51.57255608974359
above_suspension,0x68,0xc,GFS_1000,AFS_8G,AK8963_BIT_16,0.030517578125,0.000244140625,0.1499389499389499,1.6252471179496952,-0.1691492592416158,1.1522246570121952,0.31299807069359736,-0.15498076112328488,0.08934459853753741,1.1328125,1.1328125,1.14453125,2.583333333333333,1.9682539682539684,0.475095785440613,2.7457570207570208,3.566907051282051,14.9300538003663
below_suspension,0x68,,GFS_1000,AFS_8G,AK8963_BIT_16,0.030517578125,0.000244140625,0.1499389499389499,1.0343279157366072,0.3616696312313988,-0.1709347679501488,-0.07792556355794253,-0.038877274576821975,-0.39886259562174436,,,,,,,,,
