placement,address_mpu,address_ak,gyroscope_full_scale,accelerometer_full_scale,magnetometer_full_scale,gyroscope_resolution,accelerometer_resolution,magnetometer_resolution,gyroscope_bias_x,gyroscope_bias_y,gyroscope_bias_z,accelerometer_bias_x,accelerometer_bias_y,accelerometer_bias_z,magnetometer_factory_sensitivity_x,magnetometer_factory_sensitivity_y,magnetometer_factory_sensitivity_z,magnetometer_soft_iron_distortion_x,magnetometer_soft_iron_distortion_y,magnetometer_soft_iron_distortion_z,magnetometer_hard_iron_distortion_x,magnetometer_hard_iron_distortion_y,magnetometer_hard_iron_distortion_z
dashboard,0x69,0xc,GFS_1000,AFS_8G,AK8963_BIT_16,0.030517578125,0.000244140625,0.1499389499389499,0.77972412109375,0.551605224609375,0.8398056030273438,-1.890880616149902,0.7657854010009766,2.7338191656494146,1.17578125,1.17578125,1.140625,0.9479166666666666,1.0833333333333333,0.978494623655914,43.54496527777777,21.68433493589744,-40.44720314407815
above_suspension,0x68,0xc,GFS_1000,AFS_8G,AK8963_BIT_16,0.030517578125,0.000244140625,0.1499389499389499,0.7169770031440548,-0.4778606135670731,-1.1233818240282012,-1.9976401120069545,1.0227328750238185,-0.4836287353515625,1.1875,1.1953125,1.1953125,3.9824561403508776,1.327485380116959,0.5011037527593819,12.527223557692308,5.107881181318681,-192.57608173076923
below_suspension,0x68,,GFS_1000,AFS_8G,AK8963_BIT_16,0.030517578125,0.000244140625,0.1499389499389499,-0.8838932688643293,-0.0675480540205792,-0.6548253501333842,-2.185438954423113,-0.23550769013195447,3.068140229909011,,,,,,,,,
