placement,address_mpu,address_ak,gyroscope_full_scale,accelerometer_full_scale,magnetometer_full_scale,gyroscope_resolution,accelerometer_resolution,magnetometer_resolution,gyroscope_bias_x,gyroscope_bias_y,gyroscope_bias_z,accelerometer_bias_x,accelerometer_bias_y,accelerometer_bias_z,magnetometer_factory_sensitivity_x,magnetometer_factory_sensitivity_y,magnetometer_factory_sensitivity_z,magnetometer_soft_iron_distortion_x,magnetometer_soft_iron_distortion_y,magnetometer_soft_iron_distortion_z,magnetometer_hard_iron_distortion_x,magnetometer_hard_iron_distortion_y,magnetometer_hard_iron_distortion_z
dashboard,0x69,0xc,GFS_1000,AFS_8G,AK8963_BIT_16,0.030517578125,0.000244140625,0.1499389499389499,-0.5697250366210938,0.982666015625,0.6402969360351562,-1.1878831536865233,0.3625419863891602,4.371991796569823,1.19140625,1.1953125,1.1484375,1.0128205128205128,1.0128205128205128,0.9753086419753086,45.01682692307693,3.584478021978022,-46.75108173076923
above_suspension,0x68,0xc,GFS_1000,AFS_8G,AK8963_BIT_16,0.030517578125,0.000244140625,0.1499389499389499,1.6101744116806402,-0.1685910108612804,1.2586640148628048,1.4893686181045156,0.40888292742473314,-0.07106691269292938,0.5,1.1875,1.1875,2.289473684210526,3.954545454545455,0.4328358208955223,-46.67786935286935,3.736759768009768,34.493572573260074
below_suspension,0x68,,GFS_1000,AFS_8G,AK8963_BIT_16,0.030517578125,0.000244140625,0.1499389499389499,1.1231558663504464,0.3665742420014881,-0.3465924944196428,-0.35816116739908815,0.3868915873209631,-0.44885580647786366,,,,,,,,,
