placement,address_mpu,address_ak,gyroscope_full_scale,accelerometer_full_scale,magnetometer_full_scale,gyroscope_resolution,accelerometer_resolution,magnetometer_resolution,gyroscope_bias_x,gyroscope_bias_y,gyroscope_bias_z,accelerometer_bias_x,accelerometer_bias_y,accelerometer_bias_z,magnetometer_factory_sensitivity_x,magnetometer_factory_sensitivity_y,magnetometer_factory_sensitivity_z,magnetometer_soft_iron_distortion_x,magnetometer_soft_iron_distortion_y,magnetometer_soft_iron_distortion_z,magnetometer_hard_iron_distortion_x,magnetometer_hard_iron_distortion_y,magnetometer_hard_iron_distortion_z
dashboard,0x69,0xc,GFS_1000,AFS_8G,AK8963_BIT_16,0.030517578125,0.000244140625,0.1499389499389499,0.6715728015434451,0.3855635480182927,0.8717978872903963,-1.2291597742592415,1.1242236673494663,2.8686623550042865,1.17578125,1.17578125,1.140625,0.935483870967742,1.0357142857142858,1.0357142857142858,12.428826121794872,27.50208333333333,-49.08392094017093
above_suspension,0x68,0xc,GFS_1000,AFS_8G,AK8963_BIT_16,0.030517578125,0.000244140625,0.1499389499389499,0.4732085437309451,-0.3554181354801829,-0.7625672875381098,-1.677984992794874,-0.7279540950123847,-0.45232892828220206,0.5,1.1953125,1.1953125,0.7708333333333334,0.8505747126436782,1.8974358974358976,27.27014652014652,5.197493131868131,13.800240384615384
below_suspension,0x68,,GFS_1000,AFS_8G,AK8963_BIT_16,0.030517578125,0.000244140625,0.1499389499389499,-1.1939072027439026,-0.1010429568407012,-0.8068549923780487,-0.7064646752334219,1.1638155874857081,3.297866798959126,,,,,,,,,
