placement,address_mpu,address_ak,gyroscope_full_scale,accelerometer_full_scale,magnetometer_full_scale,gyroscope_resolution,accelerometer_resolution,magnetometer_resolution,gyroscope_bias_x,gyroscope_bias_y,gyroscope_bias_z,accelerometer_bias_x,accelerometer_bias_y,accelerometer_bias_z,magnetometer_factory_sensitivity_x,magnetometer_factory_sensitivity_y,magnetometer_factory_sensitivity_z,magnetometer_soft_iron_distortion_x,magnetometer_soft_iron_distortion_y,magnetometer_soft_iron_distortion_z,magnetometer_hard_iron_distortion_x,magnetometer_hard_iron_distortion_y,magnetometer_hard_iron_distortion_z
dashboard,0x69,0xc,GFS_1000,AFS_8G,AK8963_BIT_16,0.030517578125,0.000244140625,0.1499389499389499,-0.0553131103515625,0.7543563842773438,0.640106201171875,-0.9962273107910157,0.5802347723388671,4.424903653259277,1.19140625,1.1953125,1.1484375,0.898989898989899,1.0595238095238095,1.0595238095238095,3.4834449404761902,26.525137362637363,-54.58597756410256
above_suspension,0x68,0xc,GFS_1000,AFS_8G,AK8963_BIT_16,0.030517578125,0.000244140625,0.1499389499389499,1.565700624047256,-0.1810585580221036,1.2037695907964938,1.6434150566287153,0.265055642328029,-0.05121255746236659,0.5,1.1875,1.1875,2.5789473684210527,0.4579439252336448,2.333333333333333,-40.671525869963375,19.051617826617825,-41.84233821733821
below_suspension,0x68,,GFS_1000,AFS_8G,AK8963_BIT_16,0.030517578125,0.000244140625,0.1499389499389499,1.0664803641183034,0.3262474423363095,0.168209984188988,0.10870815633137959,0.37070222371419237,-0.3982355428059892,,,,,,,,,
