placement,address_mpu,address_ak,gyroscope_full_scale,accelerometer_full_scale,magnetometer_full_scale,gyroscope_resolution,accelerometer_resolution,magnetometer_resolution,gyroscope_bias_x,gyroscope_bias_y,gyroscope_bias_z,accelerometer_bias_x,accelerometer_bias_y,accelerometer_bias_z,magnetometer_factory_sensitivity_x,magnetometer_factory_sensitivity_y,magnetometer_factory_sensitivity_z,magnetometer_soft_iron_distortion_x,magnetometer_soft_iron_distortion_y,magnetometer_soft_iron_distortion_z,magnetometer_hard_iron_distortion_x,magnetometer_hard_iron_distortion_y,magnetometer_hard_iron_distortion_z
dashboard,0x69,0xc,GFS_1000,AFS_8G,AK8963_BIT_16,0.030517578125,0.000244140625,0.1499389499389499,0.7251646460556402,0.4990740520198171,0.8410942263719512,-1.4890182471298583,0.6084191974919014,2.8561657902415205,1.17578125,1.17578125,1.140625,1.0714285714285714,0.9375,1.0,30.67540064102564,26.79690170940171,-43.61114926739927
above_suspension,0x68,0xc,GFS_1000,AFS_8G,AK8963_BIT_16,0.030517578125,0.000244140625,0.1499389499389499,0.52642822265625,-0.3431366711128049,-1.092492080316311,-1.8107171970274385,0.7795754186118521,-0.4353943311737801,1.1875,1.1953125,1.1953125,2.323529411764706,0.4463276836158192,3.0384615384615383,5.794906135531135,31.51529304029304,-170.09753891941392
below_suspension,0x68,,GFS_1000,AFS_8G,AK8963_BIT_16,0.030517578125,0.000244140625,0.1499389499389499,-0.976744152250744,-0.0790187290736607,-0.9298778715587798,-1.8656531412760406,-0.4795243896484373,3.193180957031249,,,,,,,,,
