placement,address_mpu,address_ak,gyroscope_full_scale,accelerometer_full_scale,magnetometer_full_scale,gyroscope_resolution,accelerometer_resolution,magnetometer_resolution,gyroscope_bias_x,gyroscope_bias_y,gyroscope_bias_z,accelerometer_bias_x,accelerometer_bias_y,accelerometer_bias_z,magnetometer_factory_sensitivity_x,magnetometer_factory_sensitivity_y,magnetometer_factory_sensitivity_z,magnetometer_soft_iron_distortion_x,magnetometer_soft_iron_distortion_y,magnetometer_soft_iron_distortion_z,magnetometer_hard_iron_distortion_x,magnetometer_hard_iron_distortion_y,magnetometer_hard_iron_distortion_z
dashboard,0x69,0xc,GFS_1000,AFS_8G,AK8963_BIT_16,0.030517578125,0.000244140625,0.1499389499389499,-0.1483079863757621,0.7835946431974085,0.6077464033917682,-0.6430475288205024,0.36298432974466466,4.462324733231707,1.19140625,1.1953125,1.1484375,0.9292929292929292,1.0952380952380951,0.989247311827957,25.455943795787544,16.4885989010989,-44.85693108974359
above_suspension,0x68,0xc,GFS_1000,AFS_8G,AK8963_BIT_16,0.030517578125,0.000244140625,0.1499389499389499,1.5402072813452743,-0.1453306616806402,1.2601526772103655,1.828586116734946,0.18073302776057468,-0.08391384843035356,1.1328125,1.1875,1.14453125,1.0298507462686568,1.0615384615384615,0.92,-81.27452495421245,31.07016178266178,65.07818986568986
below_suspension,0x68,,GFS_1000,AFS_8G,AK8963_BIT_16,0.030517578125,0.000244140625,0.1499389499389499,1.04613531203497,0.3026326497395833,-0.2412341889880952,-0.11914003499348953,0.08624826456705718,-0.40786935424804543,,,,,,,,,
