placement,address_mpu,address_ak,gyroscope_full_scale,accelerometer_full_scale,magnetometer_full_scale,gyroscope_resolution,accelerometer_resolution,magnetometer_resolution,gyroscope_bias_x,gyroscope_bias_y,gyroscope_bias_z,accelerometer_bias_x,accelerometer_bias_y,accelerometer_bias_z,magnetometer_factory_sensitivity_x,magnetometer_factory_sensitivity_y,magnetometer_factory_sensitivity_z,magnetometer_soft_iron_distortion_x,magnetometer_soft_iron_distortion_y,magnetometer_soft_iron_distortion_z,magnetometer_hard_iron_distortion_x,magnetometer_hard_iron_distortion_y,magnetometer_hard_iron_distortion_z
dashboard,0x69,0xc,GFS_1000,AFS_8G,AK8963_BIT_16,0.030517578125,0.000244140625,0.1499389499389499,-0.6235122680664061,1.0866165161132812,0.6483078002929686,-1.1705251916503905,0.2741360900878906,4.388392077941894,1.19140625,1.1953125,1.1484375,0.898989898989899,1.0229885057471264,1.0987654320987654,44.748869619963365,3.136418269230769,-46.406690705128206
above_suspension,0x68,0xc,GFS_1000,AFS_8G,AK8963_BIT_16,0.030517578125,0.000244140625,0.1499389499389499,1.5554660704077743,-0.1790116472942073,1.2488016268102131,1.4656017869902813,0.415773556592987,-0.07451222727705675,0.5,1.1875,1.1875,2.3120567375886525,0.8109452736318409,0.7494252873563219,-54.82933550824176,13.888095238095238,56.37382383241758
below_suspension,0x68,,GFS_1000,AFS_8G,AK8963_BIT_16,0.030517578125,0.000244140625,0.1499389499389499,1.0802106159489329,0.3649083579458841,-0.3304830411585366,-0.3223996918468932,0.38231312851324284,-0.41168589522198923,,,,,,,,,
