placement,address_mpu,address_ak,gyroscope_full_scale,accelerometer_full_scale,magnetometer_full_scale,gyroscope_resolution,accelerometer_resolution,magnetometer_resolution,gyroscope_bias_x,gyroscope_bias_y,gyroscope_bias_z,accelerometer_bias_x,accelerometer_bias_y,accelerometer_bias_z,magnetometer_factory_sensitivity_x,magnetometer_factory_sensitivity_y,magnetometer_factory_sensitivity_z,magnetometer_soft_iron_distortion_x,magnetometer_soft_iron_distortion_y,magnetometer_soft_iron_distortion_z,magnetometer_hard_iron_distortion_x,magnetometer_hard_iron_distortion_y,magnetometer_hard_iron_distortion_z
dashboard,0x69,0xc,GFS_1000,AFS_8G,AK8963_BIT_16,0.030517578125,0.000244140625,0.1499389499389499,0.8170895460175305,0.5627143673780487,0.7240481492949695,-1.861579383515148,0.8091817659703692,2.7987633455602126,1.17578125,1.17578125,1.140625,0.9555555555555556,0.9885057471264368,1.0617283950617284,51.301963141025645,18.59916533119658,-39.9341307997558
above_suspension,0x68,0xc,GFS_1000,AFS_8G,AK8963_BIT_16,0.030517578125,0.000244140625,0.1499389499389499,0.67138671875,-0.4426909656059451,-0.9069675352515244,-2.009202354170636,1.0521056417325638,-0.48403750148866126,1.1875,1.1875,1.13671875,1.5629629629629629,0.4688888888888888,4.395833333333333,7.669728708791209,26.883585164835164,-180.65769230769232
below_suspension,0x68,,GFS_1000,AFS_8G,AK8963_BIT_16,0.030517578125,0.000244140625,0.1499389499389499,-1.0221527843940548,-0.1168599942835365,-0.7045094559832317,-2.1430440664896144,-0.21471901230230533,3.048169084353562,,,,,,,,,
